{"cameraMode":{"drawMode":0,"name":"Shaded","section":"Shading Mode"},"sceneLighting":false,"audioPlay":false,"sceneViewState":{"m_AlwaysRefresh":false,"showFog":true,"showSkybox":false,"showFlares":true,"showImageEffects":true,"showParticleSystems":true,"showVisualEffectGraphs":true,"m_FxEnabled":true},"in2DMode":false,"pivot":{"x":4.519999980926514,"y":3.368000030517578,"z":-10.576000213623047},"rotation":{"x":-0.0614611953496933,"y":0.005101966671645641,"z":-0.00032100576208904386,"w":-0.9981110095977783},"size":2.3727383613586427,"orthographic":false}