{"cameraMode":{"drawMode":0,"name":"Shaded","section":"Shading Mode"},"sceneLighting":true,"audioPlay":false,"sceneViewState":{"m_AlwaysRefresh":false,"showFog":true,"showSkybox":true,"showFlares":true,"showImageEffects":true,"showParticleSystems":true,"showVisualEffectGraphs":true,"m_FxEnabled":true},"in2DMode":false,"pivot":{"x":0.09886634349822998,"y":0.2217869609594345,"z":-3.4792890548706056},"rotation":{"x":-0.052606478333473209,"y":0.7762963175773621,"z":-0.06536240875720978,"w":-0.6247948408126831},"size":3.104980230331421,"orthographic":false}